file_size_mb,total_elements,max_depth,processor_cores,best_parser,parsing_time,memory_usage,efficiency_score
319.75,3288,49,6,4,0.0961,351.73,2.83
46.94,30505,34,12,3,1.2196,61.02,13.47
404.73,861,50,4,2,0.4708,323.78,3.04
423.76,79141,18,2,1,1.2752,211.88,4.43
430.87,75684,14,16,2,1.2644,344.7,2.79
226.76,47829,12,6,2,1.6956,181.41,5.02
122.48,60599,26,6,4,0.3821,134.73,7.17
16.15,41357,27,6,3,1.0485,20.99,30.79
442.35,84269,31,4,4,0.6291,486.59,2.02
109.74,18141,34,8,4,0.1421,120.71,8.12
190.87,61358,35,6,4,0.4369,209.96,4.64
320.52,14631,20,8,4,0.7861,352.57,2.77
53.29,81969,21,16,4,1.3818,58.62,13.62
299.51,64052,3,2,2,2.8515,239.61,3.72
42.92,63709,6,12,4,0.6636,47.21,18.23
105.98,70696,50,16,4,0.7047,116.58,8.02
124.03,8402,23,2,4,1.3629,136.43,6.62
429.83,9297,34,4,4,0.4023,472.81,2.09
236.54,53364,14,2,2,2.9557,189.23,4.55
49.3,52782,48,6,1,0.979,24.65,28.22
437.26,9890,30,12,4,0.3928,480.99,2.06
203.27,63102,15,8,2,0.9987,162.62,5.76
348.33,95758,37,16,4,1.1346,383.16,2.53
28.68,76579,32,12,4,0.1485,31.55,29.38
430.92,52933,9,12,2,2.8172,344.74,2.67
102.21,93882,22,4,4,0.0635,112.43,8.77
310.62,73802,8,2,2,0.998,248.5,3.85
219.15,71210,47,6,1,1.3604,109.58,8.05
469.47,17611,18,2,4,1.0469,516.42,1.89
426.47,66254,33,6,1,1.5651,213.24,4.35
318.59,34345,12,16,2,0.6174,254.87,3.82
18.11,48403,39,12,3,1.7353,23.54,23.87
449.47,27545,45,4,4,1.3924,494.42,1.96
118.44,21309,13,8,4,1.2256,130.28,6.97
133.48,91927,8,8,4,1.2033,146.83,6.26
113.87,3111,44,4,4,1.0353,125.26,7.32
421.85,43414,3,2,2,1.1679,337.48,2.86
393.24,57209,40,12,4,1.2194,432.56,2.24
343.46,97258,49,16,1,0.3368,171.73,5.68
450.03,66479,21,16,4,1.0321,495.03,1.97
451.41,80686,38,6,4,0.5173,496.55,1.99
220.95,88565,15,12,2,1.9722,176.76,5.06
167.66,98463,17,16,4,1.1643,184.43,5.07
227.76,82554,38,4,4,1.2976,250.54,3.78
442.74,55734,16,4,1,0.3533,221.37,4.43
232.38,69626,37,12,1,1.823,116.19,7.38
223.01,20871,49,8,1,0.5546,111.5,8.47
219.99,93535,20,4,4,1.0743,241.99,3.94
32.21,53434,23,12,4,0.0783,35.43,26.87
440.34,75466,26,8,1,1.5203,220.17,4.23
273.11,79079,16,8,4,0.2893,300.42,3.29
233.75,16738,41,12,1,0.9772,116.88,7.83
25.24,49699,22,4,4,0.6613,27.76,28.27
417.47,61654,3,16,2,2.3119,333.98,2.79
474.81,26140,3,12,2,2.3473,379.85,2.47
83.98,79603,49,16,1,1.387,41.99,17.59
479.09,52000,47,4,4,0.9206,527.0,1.86
60.62,74187,4,6,4,0.7608,66.68,13.28
216.82,47482,42,8,4,0.8304,238.5,4.04
241.8,57101,48,12,1,0.9829,120.9,7.59
305.2,49684,23,2,1,1.2327,152.6,6.03
440.07,72858,2,12,2,2.0085,352.06,2.68
245.46,2270,7,6,2,1.3914,196.37,4.73
372.99,43367,24,16,4,1.4288,410.29,2.35
345.11,25115,15,16,2,0.7435,276.09,3.51
113.82,23529,21,2,4,0.9749,125.2,7.36
376.42,13456,2,12,2,0.5194,301.14,3.25
32.77,64464,6,12,4,0.2218,36.05,25.47
382.25,79481,40,12,4,0.4928,420.48,2.35
310.55,79915,49,2,1,0.2426,155.28,6.3
1.44,59058,46,12,1,0.5435,0.72,139.76
132.35,81937,39,16,4,0.2562,145.59,6.7
29.91,40329,40,16,3,0.8648,38.88,20.61
136.2,70786,33,8,1,1.9276,68.1,11.32
418.0,75402,39,2,4,0.9947,459.8,2.12
458.04,23798,39,8,4,1.2937,503.84,1.93
164.97,90931,33,6,1,0.3203,82.48,11.54
386.3,67459,2,16,2,1.4377,309.04,3.08
25.9,35013,37,4,4,0.9329,28.49,25.76
119.72,20768,21,12,4,0.9892,131.69,7.01
77.07,93936,20,12,1,0.4622,38.53,22.65
299.73,97828,10,2,2,0.9919,239.78,3.99
149.35,76941,39,16,4,0.7102,164.28,5.8
160.96,24737,46,4,1,1.6417,80.48,10.21
193.1,87001,43,4,4,0.6884,212.41,4.54
263.02,59900,2,16,2,1.9451,210.42,4.33
198.8,10537,23,16,4,0.1021,218.68,4.53
34.3,82737,45,6,4,0.6933,37.73,21.9
347.03,3804,4,6,2,2.4191,277.62,3.3
85.07,10360,41,8,4,0.4183,93.58,10.13
127.74,1241,31,6,4,0.6652,140.51,6.75
125.12,39609,14,8,4,0.0818,137.63,7.17
415.04,51889,19,2,1,1.8179,207.52,4.41
143.17,30172,40,6,4,0.2483,157.49,6.21
48.67,82252,43,2,1,1.5202,24.34,24.67
87.9,17332,36,6,1,1.0155,43.95,18.15
403.26,97863,23,2,1,0.8551,201.63,4.74
422.89,73058,25,2,4,0.8976,465.18,2.1
411.23,48699,8,16,2,0.377,328.98,3.0
411.95,91901,21,16,1,1.7858,205.97,4.45
67.92,59469,25,16,4,0.9996,74.71,11.67
416.86,80704,28,6,2,2.1199,333.49,2.81
272.28,84528,24,2,4,0.9805,299.51,3.22
298.61,2809,5,6,2,0.8047,238.89,4.03
434.86,43074,11,12,2,2.051,347.89,2.71
12.99,1957,24,4,4,0.2148,14.29,57.35
31.87,58766,25,12,4,1.0054,35.06,21.69
150.89,84333,3,2,4,1.3539,165.98,5.54
161.12,19452,6,4,1,0.9621,80.56,10.97
302.75,13009,46,2,1,0.5341,151.38,6.34
169.53,59451,27,8,4,0.7377,186.48,5.13
45.7,11198,7,8,4,0.8643,50.27,16.69
164.89,16031,28,6,1,0.6937,82.44,11.06
51.89,66517,15,4,4,0.8824,57.08,14.95
403.63,73536,41,12,1,0.6192,201.81,4.78
381.23,44551,24,2,4,0.183,419.35,2.37
265.29,49318,28,8,1,0.2,132.65,7.37
78.79,80991,5,16,1,1.0735,39.4,19.56
172.65,14544,20,16,1,0.1146,86.33,11.3
150.78,27696,10,6,4,0.3837,165.86,5.86
279.41,87572,24,2,1,0.9156,139.71,6.67
202.27,83914,28,6,4,1.3837,222.5,4.21
44.16,13885,17,8,4,0.5329,48.58,18.21
84.15,66920,42,2,1,0.3806,42.08,21.33
51.49,33560,14,4,4,0.7665,56.64,15.31
377.25,99608,39,8,4,0.5084,414.98,2.37
219.94,61472,30,16,4,0.1325,241.93,4.09
415.87,10067,43,2,4,0.7021,457.46,2.15
404.93,85447,14,6,2,2.9507,323.94,2.82
42.26,84699,13,2,1,0.6375,21.13,35.08
204.44,44360,45,12,4,0.4154,224.88,4.35
425.8,79007,11,6,2,0.5611,340.64,2.88
354.45,11114,21,12,1,1.4023,177.22,5.2
263.24,84685,44,8,4,0.3284,289.56,3.4
499.99,20318,6,6,2,1.1429,399.99,2.42
383.18,17186,40,8,4,0.1134,421.5,2.36
182.21,94327,17,8,4,1.1873,200.43,4.69
452.0,25440,25,16,4,1.4511,497.2,1.95
408.46,79264,10,6,2,0.5491,326.77,3.0
42.03,21022,19,8,3,0.9571,54.64,15.33
174.86,3505,28,2,1,0.2883,87.43,10.95
357.38,43957,11,4,2,1.923,285.9,3.27
452.94,2500,18,4,1,0.6722,226.47,4.27
23.97,55037,42,12,1,0.5597,11.98,53.83
71.87,56271,2,12,4,1.4324,79.06,10.6
272.09,66545,37,2,1,1.5982,136.04,6.54
172.47,96078,44,16,1,1.3213,86.23,9.96
415.21,89752,31,16,2,0.7645,332.17,2.93
395.58,5502,22,6,1,0.7783,197.79,4.84
390.44,85958,23,6,1,1.9501,195.22,4.64
248.15,65221,25,12,1,0.6582,124.08,7.6
51.39,42991,44,6,3,0.1805,66.81,14.36
435.03,46220,41,8,1,1.6221,217.51,4.26
339.74,4091,11,12,2,2.8585,271.79,3.32
16.29,20121,45,8,3,0.8563,21.18,32.53
324.82,32727,9,2,2,1.4496,259.86,3.63
498.18,37441,46,8,4,1.2252,548.0,1.78
483.78,41899,44,6,4,1.0653,532.16,1.84
87.13,47391,34,4,3,1.1526,113.27,7.95
184.52,72315,10,12,2,1.3464,147.62,6.17
287.49,16436,22,16,4,0.9023,316.24,3.07
383.91,16922,29,12,4,1.0785,422.3,2.3
173.08,68022,20,2,1,1.0549,86.54,10.19
84.4,76116,11,4,4,0.0911,92.84,10.55
22.83,84086,38,6,4,0.47,25.11,32.46
478.33,63310,17,16,1,0.7464,239.16,4.04
71.92,94167,22,16,1,0.5593,35.96,23.5
61.35,58939,17,4,4,0.2816,67.49,14.02
163.79,75728,48,6,1,0.2711,81.89,11.68
196.68,59940,17,4,4,0.4643,216.35,4.5
4.19,14099,29,4,0,0.2894,10.48,69.57
97.41,72522,20,2,4,0.2366,107.15,9.05
48.43,48925,23,12,3,0.1861,62.96,15.19
68.6,43662,32,12,4,0.2856,75.46,12.61
495.31,96914,21,12,4,0.5841,544.84,1.81
336.94,54606,39,6,4,1.1852,370.63,2.61
388.1,75721,16,16,1,1.6612,194.05,4.72
121.17,75057,46,2,4,0.9366,133.29,6.96
235.86,96457,48,2,1,1.9177,117.93,7.24
229.89,69888,23,12,1,0.4653,114.94,8.29
123.33,73159,21,4,1,1.0116,61.66,13.74
280.29,94599,19,6,4,1.2167,308.32,3.11
145.3,37710,47,2,4,1.4029,159.83,5.72
348.12,18002,8,12,2,0.4806,278.5,3.52
165.21,61928,8,16,4,1.3237,181.73,5.1
238.78,26153,50,6,1,1.4739,119.39,7.4
468.34,22956,28,4,1,1.7574,234.17,3.96
144.8,4920,2,6,1,1.0384,72.4,11.94
469.29,66098,31,6,4,1.1181,516.22,1.89
395.4,74430,45,4,1,1.3716,197.7,4.71
92.47,18440,32,6,3,0.7263,120.21,7.78
291.27,75098,2,6,2,1.6071,233.02,4.0
447.57,92226,21,16,1,0.3911,223.78,4.37
373.89,79405,25,8,4,1.0365,411.28,2.37
297.95,10740,35,8,1,0.4841,148.97,6.46
268.38,21576,22,12,1,0.2057,134.19,7.29
66.06,54460,31,12,4,1.1314,72.67,11.77
289.2,5946,29,6,4,0.4663,318.12,3.09
90.07,17760,43,16,4,1.3648,99.08,8.79
187.89,89496,44,12,2,2.9404,150.31,5.53
417.43,99123,3,6,2,0.6343,333.94,2.93
94.32,95040,50,2,1,0.2279,47.16,19.83
297.01,58525,40,16,1,1.7411,148.5,5.99
28.32,66056,20,4,4,0.4876,31.15,27.01
71.72,86545,35,4,1,1.3896,35.86,19.7
277.97,6155,24,16,4,1.1439,305.77,3.14
236.81,29546,21,16,4,0.6132,260.49,3.74
127.57,43298,43,2,4,1.0268,140.33,6.6
301.5,9549,14,12,2,0.2429,241.2,4.09
468.59,97196,9,16,2,1.7458,374.87,2.54
387.78,49904,31,12,4,1.0975,426.56,2.28
380.84,41983,15,6,2,1.8353,304.67,3.09
360.03,38701,11,4,2,0.9205,288.02,3.35
410.81,94848,43,16,1,1.8421,205.41,4.45
271.11,84133,5,12,2,2.5591,216.89,4.11
115.79,92700,11,2,4,1.006,127.37,7.22
7.96,69768,37,8,4,1.0273,8.76,49.92
403.1,23506,8,2,2,0.4213,322.48,3.05
479.65,60171,38,4,4,1.1514,527.62,1.85
46.84,49720,26,12,4,0.9851,51.52,16.03
165.7,12509,35,2,4,1.0424,182.27,5.16
140.26,71186,38,16,4,1.0834,154.29,6.02
199.21,10094,21,4,1,1.5055,99.61,8.65
395.27,90359,48,2,4,1.1651,434.8,2.23
477.43,52006,22,2,1,0.4529,238.72,4.09
292.98,49826,7,12,2,0.632,234.38,4.14
194.87,47287,8,2,2,1.4568,155.9,5.83
277.41,53493,8,2,2,1.3587,221.93,4.23
389.61,95016,37,4,4,0.1417,428.57,2.32
217.39,55204,21,8,1,0.9699,108.69,8.38
67.83,897,27,6,3,1.6647,88.18,9.45
325.55,77918,10,6,2,1.0161,260.44,3.68
347.51,64367,38,4,1,1.9948,173.75,5.14
90.05,72112,3,16,4,1.2037,99.06,8.92
204.63,65454,10,16,2,1.8742,163.7,5.45
291.16,70050,34,16,1,1.8374,145.58,6.06
54.77,32546,44,16,3,0.8593,71.2,12.38
376.37,56430,8,2,2,1.2475,301.1,3.18
231.59,89080,39,16,4,0.2183,254.75,3.88
470.34,18579,24,6,4,0.706,517.37,1.9
33.68,5866,47,2,4,1.1237,37.05,20.29
258.05,72349,12,6,2,1.41,206.44,4.51
14.69,80502,14,8,4,0.1407,16.16,53.86
50.97,70381,13,6,4,0.9156,56.07,15.1
305.69,76949,9,6,2,1.8525,244.55,3.79
336.09,41059,9,4,2,1.2744,268.87,3.54
92.96,83306,36,16,4,1.2709,102.26,8.62
309.74,47069,2,8,2,1.3638,247.79,3.81
419.96,64064,12,2,2,2.3861,335.97,2.77
282.87,64931,37,12,4,0.1103,311.16,3.19
359.52,71621,15,8,2,1.176,287.62,3.33
408.38,57559,9,4,2,1.9252,326.7,2.88
392.45,27134,5,12,2,0.9486,313.96,3.08
429.02,89047,8,4,2,2.625,343.22,2.7
124.91,93253,22,4,1,0.9588,62.45,13.69
316.85,12212,27,12,1,1.7509,158.43,5.65
423.6,12218,48,8,4,1.246,465.96,2.09
247.41,42328,20,6,1,0.1873,123.7,7.9
313.13,60248,3,2,2,2.7463,250.5,3.58
441.09,39576,12,6,2,1.9517,352.87,2.68
363.02,98999,16,8,4,1.036,399.32,2.43
4.74,91183,23,2,4,0.1985,5.21,122.03
156.74,39233,10,8,4,0.0623,172.41,5.75
325.05,57694,24,16,1,1.8035,162.53,5.51
70.09,16152,39,16,1,0.2601,35.05,25.87
276.74,78654,48,12,2,1.8994,221.39,4.14
94.4,51357,20,16,1,1.2285,47.2,16.53
264.19,1591,25,6,4,1.434,290.61,3.27
385.21,2197,39,2,1,1.454,192.6,4.8
383.58,55528,46,8,1,0.4861,191.79,5.06
404.05,70315,22,8,1,1.9115,202.03,4.5
119.39,32054,7,8,4,0.0684,131.33,7.52
68.69,1497,12,8,3,0.3412,89.3,10.67
390.58,35237,48,2,1,1.1956,195.29,4.8
38.63,59673,34,6,4,1.0275,42.49,18.6
57.76,97105,34,2,1,1.8692,28.88,20.59
428.76,72475,47,16,4,0.8787,471.64,2.08
59.79,88264,5,4,4,1.1716,65.77,12.74
155.42,11332,37,8,1,1.2242,77.71,10.99
246.73,25624,48,12,4,1.2674,271.4,3.51
438.61,43921,2,16,2,2.8913,350.89,2.63
486.28,18671,47,6,1,1.9517,243.14,3.79
42.54,12537,34,4,4,0.2395,46.79,19.93
145.91,41298,27,16,1,1.5633,72.95,11.16
54.58,13858,12,8,3,0.6858,70.95,12.69
132.58,15727,7,4,4,0.2651,145.84,6.69
355.61,46637,27,12,4,0.8561,391.17,2.5
275.11,12425,31,2,2,2.5063,220.09,4.06
186.18,82624,43,2,4,0.693,204.8,4.7
64.48,43466,9,2,4,0.7694,70.93,12.56
191.43,55933,13,6,2,0.8882,153.14,6.13
147.62,54010,37,8,4,0.9646,162.38,5.78
401.1,2569,26,16,1,0.4417,200.55,4.86
159.51,28717,3,6,4,0.1952,175.46,5.61
328.47,34944,36,16,4,1.2669,361.32,2.67
422.63,23091,17,12,1,1.1785,211.31,4.46
71.14,24682,33,12,1,1.1003,35.57,21.02
0.44,80505,14,4,1,1.4389,0.22,64.07
70.91,14548,35,6,2,1.0449,56.73,14.67
68.31,20654,48,8,4,1.0557,75.14,11.53
464.43,46779,16,16,4,1.4257,510.87,1.9
474.35,51337,38,2,1,1.0428,237.18,4.02
165.65,10208,17,6,1,1.7846,82.83,9.84
223.37,34771,15,4,2,1.375,178.7,5.17
83.25,54276,33,8,1,0.5286,41.62,20.87
225.7,4389,20,2,4,0.8432,248.27,3.88
449.07,12213,23,12,1,0.925,224.53,4.26
26.87,43407,15,4,4,0.4812,29.56,28.27
48.05,51508,38,12,4,0.9203,52.86,15.86
99.92,3383,15,4,1,0.9948,49.96,16.42
447.45,34744,7,16,2,1.5022,357.96,2.67
113.2,35210,38,2,4,1.1469,124.52,7.3
113.83,8003,26,12,1,0.25,56.91,16.55
451.4,93635,4,12,2,1.4573,361.12,2.65
474.54,21920,15,4,2,2.5355,379.63,2.46
129.02,95312,6,2,4,1.1905,141.92,6.46
311.57,68503,28,2,4,0.8659,342.73,2.84
50.59,37508,36,6,3,0.4272,65.77,14.08
201.55,81044,40,16,1,1.8496,100.78,8.31
448.53,2661,23,6,1,0.6709,224.26,4.31
371.89,42066,19,16,4,1.1513,409.08,2.37
433.61,7377,34,4,4,0.3019,476.97,2.08
437.6,26319,5,4,2,1.3114,350.08,2.75
461.54,89292,3,4,2,0.6578,369.23,2.65
447.26,98177,46,2,4,0.9887,491.99,1.99
338.88,35279,43,8,1,0.4291,169.44,5.72
400.45,29339,18,12,1,0.7625,200.22,4.79
126.07,61181,21,16,4,1.2671,138.68,6.56
280.77,77836,40,6,4,0.4287,308.85,3.18
355.58,85399,21,4,1,1.355,177.79,5.2
340.41,94550,3,16,2,2.9853,272.33,3.3
408.03,44989,48,16,1,1.7063,204.01,4.5
420.34,73180,13,6,2,2.1032,336.27,2.79
167.88,11714,16,6,4,0.7225,184.67,5.18
58.98,7045,42,12,1,1.3933,29.49,22.51
264.97,54156,5,4,2,1.0859,211.98,4.47
357.86,10602,33,6,4,0.2945,393.65,2.52
382.27,64179,50,2,1,1.1142,191.13,4.92
365.36,1855,22,12,1,0.345,182.68,5.34
191.84,77168,21,4,1,0.924,95.92,9.42
343.42,17546,23,8,1,1.4816,171.71,5.33
65.69,96226,3,12,1,1.5654,32.84,20.2
311.61,77856,5,16,2,0.9077,249.29,3.86
350.96,26944,46,16,1,0.3606,175.48,5.55
415.34,13761,34,16,1,1.6798,207.67,4.44
486.56,46923,47,8,1,0.1052,243.28,4.08
335.85,14484,38,16,4,0.9843,369.44,2.63
228.43,38810,18,8,1,0.9094,114.22,8.04
58.04,99389,4,2,4,1.3238,63.84,12.81
46.57,44931,13,2,4,1.2099,51.23,15.55
324.46,21870,9,4,2,2.4463,259.57,3.51
339.23,23768,41,8,4,0.7505,373.15,2.62
244.11,53917,30,2,4,1.0995,268.52,3.56
112.07,87807,23,12,4,1.0306,123.28,7.43
192.5,73193,41,2,1,1.5277,96.25,8.89
160.38,43381,19,2,4,0.8809,176.42,5.37
44.1,65343,30,6,1,0.1003,22.05,41.57
45.54,79204,41,16,4,0.1287,50.09,19.09
111.54,59576,23,12,1,1.3519,55.77,14.23
1.2,46558,42,6,3,1.6615,1.56,52.15
371.28,53646,8,6,2,2.207,297.02,3.12
53.97,54335,4,16,4,0.2452,59.37,15.92
249.46,69525,49,2,4,1.0531,274.41,3.5
86.91,16837,8,8,3,1.2571,112.98,7.9
346.29,32547,19,8,4,1.1352,380.92,2.54
149.53,91956,37,6,1,0.7561,74.77,12.0
336.22,93123,43,4,4,0.8774,369.84,2.63
333.61,54729,45,16,1,0.8237,166.81,5.68
26.63,7429,14,6,4,1.0514,29.29,24.51
147.64,98785,36,2,1,1.3295,73.82,11.35
194.5,66977,46,6,4,1.4505,213.95,4.36
27.0,97484,18,4,1,1.3305,13.5,35.96
377.58,71655,49,12,1,1.9287,188.79,4.78
367.57,15653,26,2,4,1.079,404.33,2.4
77.49,20156,22,12,1,1.1881,38.74,19.37
179.11,92767,22,12,4,0.1833,197.02,5.0
110.68,27974,44,6,1,1.5291,55.34,13.96
324.69,15046,44,6,4,0.5154,357.16,2.75
457.97,14870,26,6,1,0.9466,228.99,4.18
22.02,85407,14,6,1,0.2244,11.01,70.16
335.2,27951,45,8,1,1.6518,167.6,5.4
36.15,89931,11,2,4,0.8837,39.77,20.16
113.9,33911,28,8,1,1.4685,56.95,13.77
31.71,97783,39,2,1,0.2644,15.86,51.27
382.66,57377,26,8,4,1.2817,420.93,2.3
147.56,83115,11,6,4,0.8526,162.32,5.82
277.58,16162,4,2,2,2.2326,222.06,4.08
105.95,84673,34,4,1,1.7193,52.98,14.05
425.71,71949,31,16,4,0.5297,468.28,2.11
64.19,85924,17,2,4,1.0555,70.61,12.17
76.28,74309,25,6,4,0.4512,83.91,11.18
179.81,89083,48,6,1,1.2526,89.91,9.67
420.91,18360,36,4,4,0.0952,463.0,2.15
290.99,53111,39,4,4,0.5804,320.09,3.06
111.73,77290,48,6,4,1.4478,122.9,7.23
490.93,89684,12,12,2,2.2496,392.74,2.4
469.59,5307,16,8,4,0.6127,516.55,1.91
458.96,6096,4,16,2,1.7242,367.17,2.59
87.01,85688,26,6,4,0.6385,95.71,9.7
408.64,45234,33,8,1,0.6335,204.32,4.72
75.21,20635,25,12,3,1.0149,97.77,9.18
239.46,27627,39,4,1,1.074,119.73,7.61
445.41,19259,5,4,2,2.2147,356.33,2.64
330.91,37162,7,4,2,2.4249,264.73,3.45
410.24,23849,41,16,1,0.8186,205.12,4.67
66.19,2180,14,12,1,1.0042,33.09,22.66
307.41,5126,36,12,1,1.8817,153.71,5.76
339.31,56567,35,8,4,0.6028,373.24,2.63
294.57,97185,50,16,2,1.8752,235.66,3.92
271.91,33801,14,2,2,2.1257,217.53,4.17
158.02,47493,8,4,4,1.4881,173.82,5.27
198.79,26708,28,12,1,0.7543,99.39,9.27
352.78,96450,10,16,2,2.401,282.22,3.25
400.45,80491,46,16,1,1.8591,200.22,4.55
217.75,8409,18,4,1,0.6443,108.88,8.6
481.77,7541,13,16,2,2.3951,385.42,2.44
255.32,91557,16,12,4,1.1805,280.85,3.41
176.63,51802,27,12,4,0.8607,194.29,4.9
291.51,45554,19,4,1,0.3023,145.75,6.68
36.29,38578,23,2,3,1.419,47.18,16.03
483.03,73825,32,4,1,0.3209,241.51,4.07
33.87,83065,16,16,4,0.4319,37.26,23.49
143.72,52298,45,16,1,0.6112,71.86,12.66
473.56,89546,14,8,2,2.5417,378.85,2.47
178.08,13993,9,2,2,1.5504,142.46,6.29
310.37,64542,38,6,1,0.2029,155.19,6.32
399.66,62704,36,2,4,0.7171,439.63,2.23
344.64,1559,45,4,2,0.9543,275.71,3.49
479.27,44980,25,4,1,0.4418,239.63,4.08
65.66,75493,45,4,1,1.6201,32.83,19.99
369.3,62005,2,4,2,1.5625,295.44,3.2
125.56,74437,5,8,1,1.5147,62.78,12.67
129.96,47236,37,12,4,0.3385,142.96,6.79
287.99,85092,36,4,4,0.1637,316.79,3.13
306.87,60794,42,4,1,1.8234,153.44,5.79
39.65,45049,16,6,3,0.9453,51.55,16.13
431.42,47610,49,12,2,0.9046,345.14,2.82
371.96,98279,7,4,2,1.3116,297.57,3.21
382.52,10921,8,6,2,1.4408,306.02,3.11
63.29,69051,12,2,1,1.8762,31.64,19.45
274.32,17719,46,12,1,1.3151,137.16,6.61
154.9,45514,32,12,1,1.0943,77.45,11.19
379.17,17875,24,6,1,0.9178,189.59,5.01
146.53,30315,2,12,4,0.6151,161.18,5.94
189.24,34479,7,8,1,1.3321,94.62,9.18
266.02,35245,28,4,1,1.2832,133.01,6.81
93.98,2552,11,2,3,0.933,122.17,7.55
4.2,11832,11,2,3,0.981,5.46,61.46
395.73,43296,7,4,2,2.4883,316.58,2.92
414.14,15995,47,4,4,0.1862,455.55,2.18
333.04,27331,32,8,4,0.8053,366.34,2.66
126.73,83702,21,4,1,0.1286,63.37,15.23
397.22,76647,9,8,2,1.2399,317.78,3.02
44.83,20679,33,2,3,0.7755,58.28,14.92
77.04,70310,8,4,4,1.1131,84.74,10.32
10.77,49524,24,16,3,1.4244,14.0,34.2
94.97,24471,36,6,4,0.2825,104.47,9.23
265.62,58911,20,6,4,0.9486,292.18,3.3
182.1,81300,17,6,1,1.1478,91.05,9.66
306.56,42293,28,16,1,0.1594,153.28,6.42
53.62,25125,8,2,1,0.5863,26.81,29.7
183.24,79433,47,2,1,1.3139,91.62,9.46
180.53,97459,28,6,4,0.163,198.58,4.97
108.03,68099,8,2,4,0.3094,118.83,8.14
374.62,54429,49,2,1,1.6057,187.31,4.89
275.03,66161,23,16,4,0.5207,302.53,3.24
185.92,83010,29,16,4,0.572,204.51,4.73
226.26,52057,2,16,2,2.9563,181.01,4.73
107.49,41285,3,16,1,0.9747,53.74,15.51
78.14,34742,25,12,3,0.5131,101.58,9.28
38.69,42568,32,4,3,1.3203,50.3,15.5
18.78,75544,26,2,4,0.2248,20.66,41.83
385.22,98009,43,12,1,1.1733,192.61,4.87
163.48,91467,16,4,4,0.372,179.83,5.42
144.96,51694,11,4,1,0.9255,72.48,12.09
348.97,99891,10,8,2,0.8895,279.18,3.46
35.91,56379,22,16,1,1.2284,17.95,32.02
12.2,39963,12,6,3,1.6545,15.86,29.94
99.92,49007,11,16,3,1.7506,129.9,6.74
410.08,1810,23,16,1,1.1382,205.04,4.6
375.2,71942,32,12,1,0.1826,187.6,5.25
85.24,37236,14,16,4,0.4434,93.76,10.08
426.06,86530,25,2,4,0.1944,468.67,2.12
157.8,78273,36,2,1,1.1059,78.9,10.99
166.85,51573,49,4,4,0.45,183.53,5.29
31.1,33784,26,2,4,0.249,34.21,26.53
364.97,68261,45,12,1,1.2502,182.49,5.1
224.64,17281,15,16,2,1.6667,179.71,5.07
67.71,19035,43,12,3,0.7034,88.02,10.41
439.83,95309,3,6,2,2.8131,351.86,2.62
136.97,24642,8,4,1,0.5411,68.48,13.35
343.72,47099,7,16,2,1.2849,274.98,3.46
236.98,21477,14,4,2,2.9671,189.58,4.54
378.91,8678,13,8,2,0.3171,303.13,3.25
367.69,49866,48,6,4,0.1058,404.46,2.46
54.75,59896,4,4,1,0.1937,27.38,32.98
145.66,52181,21,6,1,1.6768,72.83,11.04
225.9,94728,34,2,1,0.1473,112.95,8.66
226.89,93416,14,8,2,0.4553,181.51,5.35
353.14,83119,25,2,1,0.8232,176.57,5.38
384.15,43944,38,16,4,1.1087,422.56,2.3
480.49,37861,42,4,4,1.2903,528.54,1.84
271.8,763,40,8,4,0.4048,298.98,3.29
273.72,81243,42,12,1,0.1616,136.86,7.17
289.09,79083,21,6,4,1.0527,318.0,3.03
297.52,73695,13,8,2,2.4967,238.02,3.79
379.25,72161,6,6,2,0.7853,303.4,3.2
29.19,74900,48,16,1,0.9114,14.6,40.46
423.91,34044,35,12,4,0.7641,466.3,2.11
90.04,79886,16,16,4,0.3506,99.04,9.66
307.69,54356,28,2,1,1.6014,153.84,5.85
153.96,66422,37,6,4,1.2565,169.36,5.47
97.09,44304,45,8,1,1.7949,48.55,14.82
268.53,43933,31,8,4,0.0771,295.38,3.37
288.74,43489,24,2,4,0.8779,317.61,3.05
194.84,78022,9,6,2,1.4653,155.87,5.83
475.37,28339,35,6,4,1.2086,522.91,1.87
452.49,20205,14,6,2,2.502,361.99,2.58
469.02,88708,10,4,2,2.1237,375.22,2.52
297.18,11423,23,8,1,1.3138,148.59,6.15
105.0,26297,14,6,1,0.129,52.5,18.25
311.51,67388,8,4,2,0.6796,249.21,3.89
155.76,44409,36,8,1,0.8446,77.88,11.45
352.37,77703,42,16,4,0.8236,387.61,2.52
486.84,99066,50,8,1,1.3244,243.42,3.88
383.27,61685,16,4,4,0.529,421.6,2.34
430.41,42577,31,8,4,0.9264,473.45,2.07
63.78,13501,27,16,3,0.8616,82.91,10.81
206.78,81389,17,12,4,1.4713,227.46,4.11
283.65,44862,36,16,4,0.9086,312.01,3.1
231.51,72766,8,8,2,1.261,185.21,5.03
247.2,86539,5,2,2,2.0505,197.76,4.56
226.54,38217,26,12,4,0.4916,249.19,3.92
471.67,56990,47,6,4,0.1405,518.84,1.92
450.55,6973,2,16,2,1.8525,360.44,2.63
312.64,93303,26,8,1,1.8565,156.32,5.69
420.0,20230,20,16,4,1.4637,462.0,2.09
67.97,17995,43,8,3,0.9633,88.36,10.1
212.12,58998,26,6,4,0.4404,233.33,4.19
463.29,75553,25,2,1,0.37,231.65,4.23
365.67,98390,19,8,4,1.0196,402.24,2.42
342.07,70683,39,6,4,0.8822,376.28,2.59
165.82,46267,20,6,1,1.2957,82.91,10.32
289.11,75095,5,16,2,2.584,231.29,3.87
139.0,17382,41,6,1,1.3524,69.5,11.9
184.95,22999,18,16,4,0.9135,203.44,4.68
410.88,65014,50,8,4,0.5504,451.97,2.18
321.17,99032,9,2,2,1.2634,256.94,3.7
352.83,62215,18,4,4,0.8189,388.11,2.52
477.94,12771,36,16,1,1.6244,238.97,3.9
127.75,76579,27,8,1,1.4115,63.88,12.66
90.04,71786,2,16,1,1.478,45.02,16.45
126.02,4471,3,12,1,1.4453,63.01,12.74
60.08,79267,10,8,4,0.4173,66.09,14.03
233.53,9934,42,8,1,0.4077,116.77,8.21
37.09,8187,26,8,2,1.5768,29.67,21.53
464.3,80003,27,4,1,0.939,232.15,4.12
129.57,4579,6,2,4,1.4027,142.53,6.35
332.34,34932,11,16,2,1.331,265.87,3.57
363.91,9198,36,4,4,0.5704,400.3,2.46
340.95,52519,5,16,2,2.3293,272.76,3.37
145.05,26633,13,12,4,0.5709,159.56,6.01
42.52,82951,30,16,2,2.4197,34.02,16.89
321.74,65504,36,8,4,0.3569,353.91,2.79
326.96,68576,31,16,1,1.0289,163.48,5.72
9.63,81061,4,4,1,0.9668,4.82,64.57
85.43,77479,6,2,1,1.6882,42.72,16.5
368.99,52702,22,2,4,0.91,405.89,2.4
167.82,15836,19,4,4,0.2434,184.6,5.32
395.55,82873,41,8,1,1.3383,197.78,4.71
443.47,54565,46,8,4,0.9353,487.82,2.01
18.91,23603,47,8,4,0.8587,20.8,32.91
96.03,69504,8,12,4,0.4508,105.63,9.0
96.94,19568,45,8,2,0.7869,77.55,11.57
125.77,80857,50,8,1,0.3205,62.88,14.91
447.55,94565,30,12,1,0.5328,223.78,4.35
118.64,54089,14,8,1,1.2579,59.32,13.72
89.11,48963,10,8,1,1.4152,44.55,16.75
29.92,17901,9,8,3,1.6001,38.9,17.89
319.04,80164,12,12,2,1.8564,255.23,3.64
418.51,36601,2,16,2,2.8495,334.81,2.74
456.89,675,28,2,1,1.6162,228.44,4.07
410.66,59312,33,4,1,0.5542,205.33,4.72
499.48,2097,32,16,1,1.5665,249.74,3.75
437.11,53141,13,6,2,1.6866,349.69,2.72
148.37,98692,19,16,4,1.1169,163.21,5.7
27.5,88438,25,2,1,0.2273,13.75,58.74
354.7,26842,10,6,2,0.7874,283.76,3.42
372.53,29558,22,6,4,0.7771,409.78,2.39
414.8,61635,47,12,4,1.2228,456.28,2.13
470.44,8611,14,8,2,0.5137,376.35,2.61
74.06,19736,15,12,4,0.7372,81.47,11.13
210.12,96703,43,2,1,0.8822,105.06,8.7
171.46,84689,22,8,1,1.5998,85.73,9.73
85.95,34089,16,8,2,2.8774,68.76,10.15
309.35,21085,47,12,1,0.552,154.68,6.2
20.67,41510,38,4,3,1.9582,26.87,21.07
74.06,58786,36,4,4,1.3953,81.47,10.37
78.11,96806,36,12,4,0.8819,85.92,10.45
73.63,74096,48,8,1,0.1471,36.81,25.46
308.8,28893,30,6,4,0.453,339.68,2.9
11.37,70580,30,16,4,1.4179,12.51,36.12
454.23,47335,27,4,1,0.9466,227.12,4.21
280.56,28281,48,8,4,1.1065,308.62,3.12
207.16,76972,40,2,1,1.2223,103.58,8.56
187.95,877,28,16,1,0.4534,93.97,10.05
190.95,72606,33,2,1,1.6033,95.47,8.89
77.1,39353,42,16,1,1.4069,38.55,18.65
122.45,15654,50,6,1,0.59,61.23,14.68
342.99,91006,9,6,2,2.6593,274.39,3.31
67.84,21415,5,6,1,1.314,33.92,20.81
38.51,25413,42,4,3,1.7055,50.06,14.68
399.96,35590,45,16,1,0.8087,199.98,4.78
242.5,44615,12,2,2,2.867,194.0,4.47
423.05,93404,37,16,4,0.7453,465.36,2.11
155.86,47532,10,8,1,1.6477,77.93,10.48
111.26,91005,11,16,4,0.1627,122.39,8.0
387.37,99275,29,2,4,0.1128,426.11,2.34
150.89,1356,50,2,2,0.4542,120.71,7.92
422.95,36366,39,6,1,1.6572,211.47,4.37
381.65,69325,15,16,2,0.7992,305.32,3.18
252.15,92777,32,6,4,0.6649,277.37,3.51
257.17,53432,9,6,2,0.3137,205.74,4.76
164.12,15177,26,6,1,1.9714,82.06,9.73
214.04,9133,32,16,1,1.3854,107.02,8.21
59.7,51758,27,16,4,0.541,65.67,13.87
297.52,53000,9,4,2,2.4106,238.02,3.8
321.95,52469,24,8,1,0.3322,160.97,6.05
244.72,30264,42,4,1,1.2487,122.36,7.36
163.55,39692,41,12,1,1.358,81.78,10.38
245.18,34306,36,6,4,0.2227,269.7,3.66
225.11,49337,30,8,1,0.9183,112.56,8.15
156.3,51007,33,2,4,0.2767,171.93,5.69
27.96,34533,33,12,3,0.1535,36.35,25.72
22.65,48036,24,16,4,1.4883,24.91,24.51
206.02,7408,44,4,1,0.7414,103.01,8.97
9.95,42754,4,8,3,0.9924,12.93,41.92
11.22,41496,26,12,4,0.5372,12.34,53.44
251.43,87485,23,4,4,1.2686,276.57,3.45
267.96,37674,18,2,1,1.1986,133.98,6.8
295.97,35840,6,12,2,2.4516,236.78,3.81
216.51,70782,22,4,4,0.9604,238.16,4.02
258.16,24460,38,8,1,1.2674,129.08,7.01
384.58,56859,38,16,4,0.4854,423.04,2.33
217.75,41776,6,16,2,1.3364,174.2,5.3
56.87,25164,3,4,3,1.8207,73.93,10.74
101.08,35754,10,2,4,0.7545,111.19,8.35
10.05,11010,22,12,3,1.7829,13.07,31.35
198.51,94936,10,4,2,2.8084,158.81,5.32
125.98,11839,17,12,4,0.3921,138.58,6.97
211.49,18920,8,4,2,2.1589,169.19,5.21
56.57,71541,29,8,1,1.6606,28.29,21.79
10.63,79415,4,16,1,0.6876,5.32,75.78
479.25,47570,45,2,4,1.381,527.18,1.85
150.51,99187,17,6,1,0.8719,75.25,11.77
17.04,10508,33,8,4,0.1956,18.74,46.09
80.26,34215,34,2,3,0.152,104.34,9.36
26.14,84104,13,16,4,0.2107,28.75,31.39
124.88,93538,43,4,1,0.5953,62.44,14.41
343.76,42946,20,4,4,0.0801,378.14,2.63
11.58,73217,43,12,1,0.862,5.79,64.89
214.51,34109,11,2,2,2.7992,171.61,4.98
413.65,64779,9,4,2,0.5646,330.92,2.96
428.18,78664,15,6,2,0.8594,342.54,2.84
225.54,32557,25,12,4,1.0459,248.09,3.85
356.7,92868,29,16,1,0.7732,178.35,5.35
303.23,87931,40,16,4,0.5878,333.55,2.94
484.03,73352,4,12,2,2.1887,387.22,2.44
216.52,34141,9,6,2,0.9922,173.22,5.43
438.48,80348,50,6,4,0.8557,482.33,2.03
461.43,83457,30,2,4,0.2182,507.57,1.96
447.6,64878,4,8,2,0.5462,358.08,2.74
46.88,37249,13,4,3,1.9962,60.94,12.21
2.16,74824,13,8,1,1.9645,1.08,46.03
61.08,48973,39,2,3,0.9627,79.4,11.11
477.61,77893,44,2,4,1.365,525.37,1.85
398.54,16960,15,2,2,0.4591,318.83,3.08
127.66,31477,27,2,4,0.2735,140.43,6.94
149.34,56680,49,6,1,0.9463,74.67,11.75
194.11,35200,38,12,1,0.1768,97.06,10.02
170.94,60765,45,4,1,0.9896,85.47,10.38
39.68,62611,21,4,4,0.8489,43.65,18.82
458.66,67304,8,12,2,0.429,366.93,2.69
251.77,14943,49,16,1,0.6965,125.89,7.47
362.07,99277,44,8,1,1.5194,181.03,5.07
302.07,88275,8,8,2,2.6326,241.66,3.72
482.91,78900,48,8,4,1.2167,531.2,1.84
43.91,17719,2,4,3,1.3324,57.08,14.0
324.9,57129,42,12,1,0.3896,162.45,5.98
351.33,63586,32,2,1,0.115,175.66,5.62
315.24,93476,29,8,1,1.0236,157.62,5.92
295.56,80159,45,8,4,0.99,325.12,2.98
444.58,15337,33,12,1,0.7533,222.29,4.33
116.13,28806,39,16,1,1.4516,58.06,13.59
479.91,88235,43,16,1,0.2638,239.96,4.11
241.5,22723,14,4,2,0.3317,193.2,5.06
9.16,34194,24,16,4,0.6744,10.08,56.1
308.82,15828,37,4,1,1.803,154.41,5.77
426.72,67562,40,16,1,1.9519,213.36,4.28
390.85,79918,8,12,2,1.0179,312.68,3.09
220.81,66318,33,16,1,1.9423,110.41,7.64
384.63,873,17,8,4,1.0142,423.09,2.3
75.89,98773,35,8,4,0.7984,83.48,10.82
341.13,3911,30,4,1,1.5675,170.56,5.34
217.09,51556,50,2,1,1.3547,108.55,8.12
259.94,38771,28,8,1,1.6713,129.97,6.77
450.11,80016,11,16,2,1.1667,360.09,2.68
405.93,85043,27,4,4,0.8047,446.52,2.2
270.44,28024,7,12,2,1.859,216.35,4.24
120.75,39848,48,8,4,0.1192,132.83,7.41
325.52,16361,30,6,4,1.0862,358.07,2.7
468.78,87241,36,12,1,0.8176,234.39,4.11
368.78,13802,22,12,4,0.1688,405.66,2.45
31.19,17057,32,4,3,0.8501,40.55,19.98
131.92,65392,42,8,1,1.061,65.96,12.89
242.43,60003,10,16,2,1.7653,193.94,4.7
460.86,15576,40,8,4,0.593,506.95,1.95
147.06,3677,11,4,1,1.5054,73.53,11.16
1.14,71776,24,2,4,0.7391,1.25,103.72
360.04,79401,10,4,2,2.4395,288.03,3.19
332.28,53700,26,4,4,0.1784,365.51,2.72
82.89,3261,38,16,1,0.4656,41.45,21.23
309.39,75619,50,2,1,1.1105,154.69,6.0
481.19,36049,15,4,2,1.8489,384.95,2.47
245.79,3059,23,8,4,0.8356,270.37,3.57
142.75,23952,18,2,1,1.4553,71.38,11.5
149.08,12952,22,4,1,1.5291,74.54,11.01
293.06,64625,34,12,4,0.6409,322.37,3.03
116.95,2450,19,12,4,0.6398,128.65,7.35
42.05,83345,34,4,4,1.444,46.26,16.21
277.62,5487,2,8,2,0.9652,222.1,4.3
125.52,89138,26,6,1,0.2329,62.76,15.13
44.95,91554,9,4,1,1.7795,22.48,24.23
472.71,83262,18,16,1,0.1302,236.35,4.19
345.95,84740,2,12,2,2.3349,276.76,3.32
269.11,85088,43,2,4,0.5957,296.02,3.3
300.7,50702,13,16,2,2.3236,240.56,3.78
340.31,92965,24,4,4,0.5763,374.34,2.62
140.45,92290,47,12,1,1.0386,70.22,12.25
275.94,86496,49,12,1,1.8738,137.97,6.34
427.75,68571,48,6,1,1.1642,213.88,4.41
227.02,55992,43,16,1,1.3923,113.51,7.79
233.35,47388,35,2,1,0.4698,116.67,8.17
41.0,74959,3,16,1,0.2194,20.5,42.2
312.68,3663,32,8,1,0.5529,156.34,6.14
170.47,7144,23,12,1,1.2,85.23,10.18
42.86,7964,4,8,4,0.6908,47.15,18.16
150.81,82085,29,2,4,0.6461,165.89,5.77
432.3,86481,41,2,4,1.0299,475.53,2.05
13.08,67802,23,12,1,1.1891,6.54,51.46
318.72,33601,24,8,1,1.2106,159.36,5.8
256.61,85430,50,6,1,0.8008,128.31,7.28
4.14,76875,44,16,1,1.9554,2.07,44.2
320.31,26389,6,6,2,1.7851,256.25,3.64
167.9,39283,28,6,1,0.5237,83.95,11.09
115.21,81788,15,4,1,1.6696,57.6,13.28
3.46,1306,6,6,3,1.5545,4.5,47.52
22.05,3900,14,4,4,0.4066,24.26,34.1
98.07,23088,18,2,3,1.8786,127.49,6.79
152.61,31486,25,6,1,0.2242,76.31,12.57
72.3,17153,14,4,1,1.8499,36.15,17.97
381.56,76991,14,12,2,1.6232,305.25,3.1
292.08,64102,15,16,2,2.0062,233.66,3.93
254.63,65360,35,8,1,1.2043,127.31,7.12
319.09,76553,43,2,1,0.8165,159.54,5.93
78.69,49044,18,12,1,0.1782,39.34,23.74
256.18,44099,29,8,1,0.5442,128.09,7.43
322.71,47077,7,6,2,0.3998,258.17,3.8
19.24,26264,23,4,4,0.3264,21.16,39.33
302.06,18080,50,16,4,0.6355,332.27,2.94
202.94,76025,50,16,1,1.4743,101.47,8.53
105.02,30644,35,12,1,0.4569,52.51,17.22
385.09,91490,28,4,4,1.1198,423.6,2.29
249.95,86366,24,6,1,1.2152,124.97,7.24
283.83,4231,10,4,2,1.2945,227.06,4.15
190.72,51211,6,12,2,0.68,152.58,6.24
337.48,23293,4,16,2,1.0151,269.98,3.56
262.25,59603,5,6,2,1.7021,209.8,4.39
239.18,9022,26,4,4,1.4118,263.1,3.59
293.79,65870,47,16,1,0.569,146.9,6.51
164.51,74619,33,8,4,1.2718,180.96,5.14
396.19,51270,41,4,4,1.0629,435.81,2.23
47.86,91582,4,4,1,1.4804,23.93,25.17
451.13,64692,28,12,1,0.4132,225.56,4.33
103.77,5860,31,2,4,0.6252,114.15,8.24
5.47,15041,47,4,4,0.4013,6.02,90.64
475.01,18393,32,6,4,0.6167,522.51,1.89
38.88,1479,45,6,4,0.3634,42.77,21.1
348.4,83213,35,16,4,0.1206,383.24,2.59
188.76,26452,17,6,4,1.0359,207.64,4.57
31.68,12671,44,4,3,1.2909,41.18,18.15
312.37,71012,27,8,1,0.8395,156.19,6.04
229.44,8662,44,6,4,1.4755,252.38,3.73
51.0,70288,38,4,4,1.1685,56.1,14.54
66.55,22990,42,16,1,1.2116,33.27,21.56
191.25,83973,49,4,4,0.3928,210.38,4.64
214.31,31932,41,2,1,1.8545,107.16,7.89
299.08,58170,49,6,1,1.6442,149.54,5.99
375.3,30026,48,6,4,1.0596,412.83,2.36
111.3,50012,35,6,1,1.9848,55.65,13.07
469.14,16467,7,4,2,1.0721,375.31,2.58
360.86,32112,29,4,4,0.7477,396.95,2.47
475.51,47141,27,8,4,1.2007,523.06,1.87
10.0,50003,29,2,1,0.9809,5.0,63.26
226.86,49181,37,12,1,1.7371,113.43,7.59
365.21,49064,33,8,1,1.2178,182.6,5.11
204.45,5099,9,8,2,1.176,163.56,5.67
354.59,83238,46,6,1,1.6449,177.29,5.14
315.51,88670,3,16,2,1.8194,252.41,3.68
331.34,21168,2,2,2,1.6519,265.07,3.54
94.49,55446,12,8,1,0.8821,47.24,17.53
438.21,95384,7,2,2,1.3143,350.57,2.74
154.12,22082,33,2,4,0.3058,169.53,5.76
93.28,17617,14,8,1,0.2121,46.64,20.1
91.45,99515,14,6,4,0.1657,100.6,9.68
42.94,16352,19,2,3,0.216,55.82,16.95
375.92,957,44,12,4,1.445,413.51,2.33
132.99,63701,32,6,1,0.7863,66.5,13.27
199.3,80069,5,6,2,2.7901,159.44,5.31
12.94,16118,35,6,4,1.3113,14.23,35.28
257.51,86547,14,2,2,2.4612,206.01,4.32
162.83,58246,16,12,4,0.7404,179.11,5.33
329.2,91694,8,16,2,2.2067,263.36,3.49
15.97,65274,7,6,1,1.0161,7.99,52.22
270.38,31907,15,4,2,2.8011,216.3,4.08
451.33,36757,16,16,1,1.4783,225.66,4.14
45.31,90683,23,4,4,1.1172,49.84,16.13
190.89,84171,37,8,4,1.409,209.98,4.44
372.33,15228,38,6,4,0.3253,409.56,2.42
194.13,55545,22,6,2,0.2257,155.3,6.31
426.2,41419,11,6,2,2.4436,340.96,2.73
351.51,78506,22,6,4,0.3628,386.66,2.56
145.82,49385,5,6,1,1.854,72.91,10.82
388.04,63908,48,8,1,0.9026,194.02,4.9
236.76,45663,50,8,4,0.621,260.44,3.74
65.54,98611,39,2,4,0.4721,72.09,12.85
72.5,28601,49,4,4,1.4833,79.75,10.46
73.89,55992,45,4,4,0.9926,81.28,10.85
296.74,19483,42,16,4,0.9966,326.41,2.96
187.75,90684,44,16,1,0.122,93.88,10.41
58.4,16007,33,16,3,0.6201,75.92,12.03
372.71,77719,13,8,2,2.7449,298.17,3.06
397.63,24243,27,16,1,1.211,198.81,4.72
356.9,85429,9,4,2,2.4414,285.52,3.22
61.61,16894,38,4,3,0.337,80.09,11.84
149.36,71369,12,8,4,0.4754,164.3,5.88
267.1,18341,38,8,1,0.2881,133.55,7.28
409.9,31087,4,4,2,0.9767,327.92,2.95
364.58,55324,6,12,2,1.391,291.66,3.26
347.29,70252,15,2,2,2.0138,277.83,3.34
255.76,21511,28,4,2,1.6881,204.61,4.49
342.02,53327,6,6,2,0.2276,273.62,3.61
188.64,29137,26,2,4,0.1885,207.5,4.75
174.52,75003,20,12,4,1.2188,191.97,4.87
338.94,69698,37,12,4,1.0035,372.83,2.61
71.42,74401,49,6,1,1.4429,35.71,19.55
91.63,46409,31,12,1,0.5347,45.81,19.17
317.85,11405,21,8,1,1.1931,158.93,5.82
42.38,37477,37,8,4,0.2478,46.62,19.96
248.95,89810,45,12,4,1.0688,273.85,3.5
374.86,32021,49,16,1,1.9328,187.43,4.81
337.29,68628,16,4,1,0.8092,168.65,5.63
56.71,89016,17,12,1,1.2992,28.36,23.61
196.87,39963,43,12,1,1.2695,98.44,8.92
164.34,46395,8,2,1,1.1053,82.17,10.61
449.27,53843,9,8,2,2.6981,359.42,2.58
268.26,35331,8,8,2,2.1858,214.61,4.21
55.42,37352,4,4,1,1.0107,27.71,25.76
332.65,34848,9,8,2,1.3197,266.12,3.57
363.02,97251,26,4,4,0.3929,399.32,2.47
339.19,44855,29,12,1,0.3897,169.59,5.73
255.67,32708,19,2,4,1.2244,281.24,3.4
350.6,65851,41,4,1,0.6203,175.3,5.48
96.17,19173,29,2,3,1.3033,125.02,7.19
115.79,44073,29,8,4,1.0818,127.37,7.18
123.56,6243,13,2,4,0.6748,135.92,6.96
126.21,64403,25,6,4,1.1249,138.83,6.62
180.76,77199,35,12,1,1.5109,90.38,9.39
60.27,76891,43,4,2,1.5278,48.22,15.5
380.52,69944,48,4,4,1.3649,418.57,2.31
487.57,47983,30,16,4,0.0817,536.33,1.86
299.62,91328,10,6,2,2.1171,239.7,3.82
435.14,9838,12,8,2,0.648,348.11,2.81
108.98,91330,2,12,4,0.8506,119.88,7.73
85.64,5988,36,4,1,1.7594,42.82,16.28
25.85,32647,15,12,3,1.8982,33.61,18.66
442.0,34618,48,4,4,0.368,486.2,2.04
482.62,23175,18,2,1,0.8258,241.31,3.99
326.95,82091,42,12,4,1.1417,359.65,2.69
77.91,30382,48,16,3,1.6496,101.28,8.42
88.14,74676,33,16,4,0.3224,96.95,9.88
71.85,55898,17,8,4,0.9248,79.03,11.2
189.0,2725,9,2,2,1.9567,151.2,5.82
6.85,1241,8,12,4,0.8661,7.54,58.14
222.22,21393,21,6,1,0.1846,111.11,8.78
272.37,13453,34,8,4,0.3775,299.61,3.29
439.51,50439,45,16,4,0.5681,483.46,2.04
307.89,15522,25,2,4,0.2678,338.68,2.92
333.67,39536,41,6,1,1.4515,166.84,5.48
38.28,295,11,16,4,1.2312,42.11,18.04
56.67,56037,48,6,4,0.7479,62.34,14.12
486.43,78881,42,6,1,1.0359,243.22,3.93
268.15,30171,26,2,4,0.391,294.96,3.33
1.53,2258,25,12,3,1.7137,1.99,49.68
389.35,18274,20,8,1,0.2061,194.68,5.06
68.99,91207,47,4,1,0.2402,34.49,26.39
418.73,20742,3,4,2,0.7108,334.98,2.91
371.8,98065,35,16,1,0.3114,185.9,5.26
30.09,84217,4,12,4,0.8535,33.1,23.45
414.78,74991,34,6,4,0.2314,456.26,2.18
106.01,81149,5,4,1,1.0071,53.01,15.61
326.38,53107,26,4,1,1.5797,163.19,5.56
167.8,31405,20,4,1,1.3129,83.9,10.2
16.28,35290,7,12,4,1.4181,17.91,30.22
4.34,46756,50,6,0,0.0735,10.85,79.46
337.38,43436,28,16,1,1.7507,168.69,5.34
18.8,21141,11,16,4,1.2208,20.68,29.51
327.14,94192,12,12,2,1.1493,261.71,3.65
180.22,56489,4,16,2,1.9578,144.18,6.07
248.81,1968,11,6,2,2.8154,199.05,4.38
80.82,36725,38,6,4,1.4688,88.9,9.56
381.6,57949,43,4,1,1.2774,190.8,4.89
340.32,57790,25,12,1,1.7635,170.16,5.3
341.31,81355,43,2,1,0.4006,170.66,5.69
199.7,9575,16,8,4,0.2082,219.67,4.49
90.22,14211,27,8,3,1.4344,117.29,7.54
238.16,36497,31,2,4,1.1726,261.98,3.64
31.29,47391,29,8,3,0.5789,40.68,21.07
88.14,18587,6,6,3,1.3723,114.58,7.73
129.8,7054,7,8,4,1.0488,142.78,6.48
80.43,91326,29,6,1,1.4732,40.22,17.87
289.29,18965,22,16,1,0.9715,144.65,6.44
73.83,41482,9,16,4,0.2323,81.21,11.83
224.72,75819,8,2,2,1.1746,179.78,5.19
476.19,89090,38,2,1,1.0483,238.09,4.01
499.52,54280,28,6,1,0.9139,249.76,3.85
88.53,77983,12,12,4,1.41,97.38,8.89
452.95,13015,7,2,2,1.7253,362.36,2.63
316.8,65986,39,2,2,2.5978,253.44,3.57
475.28,45965,31,8,1,1.0644,237.64,4.01
133.88,86344,18,6,1,0.1295,66.94,14.44
76.77,49084,35,16,3,1.9496,99.8,8.31
96.41,84477,27,2,4,1.361,106.05,8.29
258.69,57341,16,2,4,1.3792,284.56,3.34
418.69,20857,22,4,4,0.8383,460.56,2.13
486.2,74956,26,2,1,1.806,243.1,3.81
148.53,70188,17,16,4,0.9598,163.38,5.75
319.23,75947,8,2,2,1.5839,255.38,3.67
180.76,27269,27,2,4,0.5941,198.84,4.86
156.86,59107,12,4,1,0.7513,78.43,11.5
173.46,80488,40,12,4,0.8011,190.81,5.0
380.5,28361,25,2,1,0.62,190.25,5.06
99.7,12064,24,16,4,0.6299,109.67,8.55
96.61,22680,14,16,4,0.902,106.27,8.6
82.91,26988,48,8,1,0.3044,41.45,21.98
191.58,26187,38,6,4,0.901,210.74,4.53
146.81,84564,35,6,1,0.5088,73.41,12.58
185.89,19020,22,2,1,0.542,92.94,10.06
33.21,37183,40,4,4,1.2969,36.53,19.8
37.5,84717,28,16,4,1.4859,41.25,17.51
210.68,16275,30,4,4,0.8849,231.75,4.14
2.42,60535,20,4,1,0.232,1.21,220.75
47.65,54415,48,6,4,0.6203,52.41,16.77
348.26,59592,33,16,1,0.1198,174.13,5.67
52.66,42327,46,16,3,1.8155,68.46,11.41
494.78,90219,5,6,2,2.4166,395.82,2.38
189.84,91585,12,4,4,1.3484,208.82,4.48
318.49,87596,9,12,2,0.8323,254.79,3.79
131.98,38838,47,2,4,0.159,145.18,6.77
247.35,27859,2,16,2,1.6774,197.88,4.64
429.24,99688,21,16,1,1.9526,214.62,4.25
433.94,67310,14,8,2,0.6124,347.15,2.82
438.11,97662,9,4,2,0.5313,350.49,2.8
275.2,46465,29,4,1,1.3324,137.6,6.58
366.03,55399,14,6,2,0.3396,292.82,3.36
124.55,14569,16,2,1,1.2784,62.27,13.15
357.94,51378,27,2,1,1.3101,178.97,5.18
352.96,37755,48,2,4,0.396,388.26,2.54
157.62,9113,12,4,1,1.9513,78.81,10.07
440.64,22387,45,2,1,1.656,220.32,4.2
283.68,38107,16,12,1,1.0323,141.84,6.53
175.46,71537,18,16,4,1.1731,193.01,4.86
428.49,78095,32,2,1,1.9888,214.25,4.25
178.66,4060,17,12,4,0.9762,196.53,4.82
482.73,82177,45,12,1,1.7872,241.37,3.84
195.57,54705,19,6,4,0.8717,215.13,4.45
396.28,45491,20,2,4,0.9545,435.91,2.24
332.19,39809,33,6,1,1.0279,166.09,5.64
2.64,46180,44,2,3,1.9212,3.43,42.3
280.42,11282,47,6,1,1.8726,140.21,6.25
124.44,88942,42,8,4,0.8677,136.88,6.82
339.49,42278,39,4,1,1.1767,169.75,5.48
314.2,71553,13,8,2,2.1185,251.36,3.66
178.84,46434,29,8,4,1.146,196.72,4.78
307.64,39644,17,12,4,0.6194,338.4,2.89
201.53,790,31,12,4,0.1912,221.68,4.45
145.36,63116,46,6,4,0.7986,159.9,5.92
281.07,64930,10,4,2,2.4557,224.86,3.99
311.87,26316,9,2,2,2.5316,249.5,3.63
221.96,7304,9,6,2,2.1077,177.57,5.01
4.31,641,2,8,0,0.0817,0.71,6.42
3.75,256,3,4,0,0.2433,3.26,11.68
4.8,514,4,6,0,0.2017,7.13,6.07
2.14,445,3,2,0,0.1489,1.64,8.89
2.94,44,7,8,0,0.0309,9.12,14.63
2.39,750,5,6,0,0.0145,2.0,10.01
4.32,225,4,8,0,0.2614,2.16,6.51
3.31,586,4,8,0,0.3604,7.97,7.78
3.84,320,5,2,0,0.4589,6.63,8.77
2.41,684,3,6,0,0.0734,3.58,14.55
1.81,642,8,8,0,0.0431,0.78,12.33
1.24,691,2,8,0,0.4678,5.03,12.6
4.91,837,7,4,0,0.0617,8.87,12.28
1.98,440,2,2,0,0.3098,1.59,13.47
0.46,791,4,2,0,0.4625,3.55,11.99
1.95,662,6,4,0,0.1059,5.17,11.79
1.2,769,3,8,0,0.4088,8.18,6.92
2.95,654,7,2,0,0.1097,8.2,13.93
1.86,427,6,2,0,0.1769,6.98,14.58
3.67,550,5,4,0,0.4179,5.92,9.74
1.83,643,6,4,0,0.4028,4.67,11.25
4.38,592,2,4,0,0.3934,3.33,6.18
1.23,625,6,6,0,0.021,8.3,7.9
4.16,409,7,6,0,0.0433,8.78,14.68
0.47,599,3,6,0,0.2056,1.04,11.98
0.64,492,4,2,0,0.0258,4.5,7.01
4.45,70,3,4,0,0.2781,7.47,14.24
3.35,909,2,4,0,0.2518,8.15,10.64
3.09,865,8,2,0,0.1795,1.17,9.16
3.72,961,2,8,0,0.4738,3.07,5.42
0.27,529,3,6,0,0.2214,3.38,13.5
4.86,31,2,2,0,0.3891,8.21,10.34
4.32,708,7,2,0,0.2807,1.0,12.66
3.51,450,7,8,0,0.2793,1.6,6.18
3.12,935,4,6,0,0.1049,4.65,5.58
1.24,612,2,4,0,0.2124,7.65,13.08
2.73,56,8,2,0,0.4379,2.87,5.57
0.38,459,3,6,0,0.0314,3.82,11.55
1.3,309,3,8,0,0.2446,1.66,5.77
1.33,566,3,8,0,0.3556,8.23,13.98
4.31,464,7,6,0,0.4713,7.91,7.93
3.3,549,4,6,0,0.3519,5.28,5.54
4.51,732,6,8,0,0.1471,2.43,6.37
4.88,246,4,4,0,0.0701,7.39,12.88
0.28,250,7,8,0,0.3285,4.81,6.14
2.54,44,4,6,0,0.2982,3.35,14.65
0.39,885,6,8,0,0.2527,8.7,8.85
0.32,220,5,4,0,0.3334,5.56,11.6
